Number of Elements (n)	 Time (sec) 
10	0.54703
17	0.575512
18	0.509741
22	0.549971
26	0.584782
27	0.562201
28	0.533215
30	0.554611
32	0.546421
36	0.564485
