Number of Elements (n)	 Time (sec) 
10	0.079766
17	0.078815
18	0.021767
22	0.075932
26	0.073002
27	0.072653
28	0.066207
30	0.076359
32	0.071919
36	0.077847
